time,x,y,heading
0.512,0.016573121632042533,-0.020840155839745054,-0.3625651951068483
1.024,0.059748253169881395,-0.09509316641854844,-1.34201512888228
1.536,0.02581540763467713,-0.2513597216396416,-2.5222538889051394
2.048,-0.13325284720333389,-0.3509569536208141,-2.701636270234419
2.56,-0.2946632048921818,-0.4980097684837912,-2.28470531155391
3.072,-0.4763522335464139,-0.6878082817418091,-2.3867364834569464
3.584,-0.6993609459006194,-0.8992046261358074,-2.383296296783508
4.096,-0.9223844137026501,-1.110470680966688,-2.383195307850616
4.6080000000000005,-1.1453909282754628,-1.321752186065922,-2.383180933830284
5.12,-1.3683967866718787,-1.5330344600013328,-2.383180972563572
5.632,-1.591403083547676,-1.7443163205407355,-2.3831865654487308
6.144,-1.814408989078674,-1.9555985980349204,-2.383184310819493
6.656000000000001,-2.0374154128079884,-2.1668803413805473,-2.383181259340217
7.168,-2.260421545404471,-2.3781623914449144,-2.383186909394275
7.68,-2.483427494128238,-2.5894446303386616,-2.3831832100046424
8.192,-2.7064339476570654,-2.8007263455697955,-2.3831818861780216
8.704,-2.9294399671687197,-3.012008513911068,-2.3831871035038006
9.216000000000001,-3.152445980206433,-3.223290686120585,-2.383182109334338
9.728,-3.3754524179866534,-3.4345724186856947,-2.383182722500317
10.24,-3.5984583304017033,-3.6458546983333178,-2.3831869154222587
10.752,-3.8214644126726056,-3.857136798948256,-2.3831811017622764
11.264,-4.044470791720118,-4.068418593624803,-2.38318360181215
11.776,-4.228884258866928,-4.243133494159439,-2.383197800981921
12.288,-4.338854649140745,-4.347322309515098,-2.383172017393371
12.8,-4.404442080393839,-4.409730040526219,-2.373389253681563
13.312000000000001,-4.430129907383534,-4.459608421933167,-1.8778101193807986
13.824,-4.412583286321724,-4.481573351868783,-0.8070091877957092
14.336,-4.26927498621855,-4.46327246590691,0.18923817738120696
14.848,-4.042861577564907,-4.4272413174621645,0.10199669006031702
15.36,-3.7476052429974693,-4.426468608846918,-0.00685370548691069
15.872,-3.44039156650101,-4.429062880604031,-0.00880837014772061
16.384,-3.133203470656186,-4.431770779947792,-0.008954928852640367
16.896,-2.8260158229228747,-4.434521937498451,-0.008943581714347185
17.408,-2.518828136115429,-4.4372679958778125,-0.008936076345987986
17.92,-2.2116404169586255,-4.440012980815037,-0.008938826743098628
18.432000000000002,-1.9044526919016684,-4.4427588335384565,-0.00893524868646725
18.944,-1.5972649630208586,-4.445504559646285,-0.008938957822674337
19.456,-1.2900772335980308,-4.448249872442227,-0.008937993353464645
19.968,-0.9828895047937213,-4.450995740470794,-0.00893530648723514
20.48,-0.6757017743310462,-4.453741348013224,-0.008939464665089308
20.992,-0.36851404470917765,-4.4564867028053055,-0.00893715590429005
21.504,-0.06132631549470551,-4.459232607248157,-0.008935704592009496
22.016000000000002,0.24586141520320318,-4.461978096269122,-0.008939704802661689
22.528,0.5530491446813601,-4.464723516625243,-0.008936339742897328
23.04,0.8602368742683367,-4.467469420308343,-0.008936297067400614
23.552,1.167424605082909,-4.470214800163698,-0.008939666441529564
24.064,1.4746123344872377,-4.472960303328424,-0.008935628721614337
24.576,1.781800064512116,-4.47570616578205,-0.008937004679847376
25.088,2.0889877953855454,-4.478451454661196,-0.00893934303288213
25.6,2.3961755248498937,-4.481197044407312,-0.008935085842472159
26.112000000000002,2.7033632553695432,-4.483942825190887,-0.008937731137506169
26.624000000000002,3.0105509862993047,-4.48668804417581,-0.008938751797172304
27.136,3.3177387160427845,-4.489433706680441,-0.00893472265012016
27.648,3.6249264471348215,-4.492179364611609,-0.008938367035939523
28.16,3.9317317281768442,-4.494921168757495,-0.008940562772219161
28.672,4.1624024853210075,-4.496986270782368,-0.008941600264355965
29.184,4.299334388350453,-4.498209118605122,-0.00892485937749852
29.696,4.356324177115387,-4.441408449098901,-0.008922820718800224
30.208000000000002,4.358909100516862,-4.287603378403203,-0.008916303700031792
30.72,4.361645688212743,-4.134020773365155,-0.008924631376070356
31.232,4.364388361530104,-3.9804452833091846,-0.008929368471366942
31.744,4.372040296049579,-3.8329984297384825,-0.12322697071394521
32.256,4.4093100975000485,-3.7281744188452492,-0.8601403562196418
32.768,4.450450676177399,-3.6818888174927067,-2.1017493061420747
33.28,4.348096933442638,-3.6729758707205193,2.9630237754633915
33.792,4.164717985846921,-3.659625131130434,2.869533151454572
34.304,3.9239732112711745,-3.6665594238596877,-3.040769907112945
34.816,3.616595628005692,-3.6715644182729172,-3.1192189530818637
35.328,3.3094701680678487,-3.6784234709902903,-3.119881361904687
35.84,3.0023440529558183,-3.685153932710372,-3.1196101777761847
36.352000000000004,2.695218409309509,-3.691906443438144,-3.1196167164472657
36.864000000000004,2.388092552124979,-3.698654362764092,-3.119627858585914
37.376,2.080966693165533,-3.7054026114692045,-3.1196242079830525
37.888,1.7738408156662668,-3.712150492844562,-3.1196218223788303
38.4,1.4667149430047235,-3.7188986744779733,-3.1196264945934438
38.912,1.1595890780868405,-3.7256470604493224,-3.1196234597776367
39.424,0.8524631942674166,-3.7323948566655787,-3.1196224179467498
39.936,0.5453373244943766,-3.739143163628814,-3.119626641338984
40.448,0.2382114568369979,-3.7458914654872935,-3.1196226095514636
40.96,-0.0689144272752955,-3.7526392737598018,-3.1196231486134622
41.472,-0.3760402936185591,-3.759387689149135,-3.1196264986514612
41.984,-0.6831661643868199,-3.7661358888531646,-3.1196219139339485
42.496,-0.9902920473457122,-3.772883752824841,-3.119623976206037
43.008,-1.297417910954833,-3.779632250058973,-3.119626054689787
43.52,-1.6045437850558195,-3.786380346064205,-3.119621444260083
44.032000000000004,-1.9116696656010177,-3.793128305411331,-3.1196247963275407
44.544000000000004,-2.218795527432179,-3.7998768525438296,-3.1196253471979682
45.056,-2.5259214046324034,-3.806624859333498,-3.119621233596429
45.568,-2.8330472816558814,-3.8133729482066436,-3.119625501742108
46.08,-3.1401731426789015,-3.8201215161937445,-3.1196244297101887
46.592,-3.4472990222517117,-3.826869466167255,-3.1196212461429025
47.104,-3.754424894719321,-3.8336177171052404,-3.1196260004281524
47.616,-4.043794365182009,-3.839974620642064,-3.119643131534768
48.128,-4.22886754315446,-3.8440390997206073,-3.119618207444115
48.64,-4.338838186244464,-3.8464567725125236,-3.1196101454080765
49.152,-4.363679434354353,-3.731917801866488,-3.119633433181933
49.664,-4.370396863397525,-3.578408341000491,-3.119588545538812
50.176,-4.377151659568324,-3.424954537236923,-3.119606685686176
50.688,-4.38377496280985,-3.2716144211060256,-3.116349428030164
51.2,-4.369073919309998,-3.135836870499551,-2.6641912035056876
51.712,-4.303766641191707,-3.009110857592853,-1.6246201111647793
52.224000000000004,-4.19904997920412,-2.858281753194913,-0.1954225761384216
52.736000000000004,-3.983846593067926,-2.8261447215943973,0.3416118817094876
53.248000000000005,-3.7591652347585107,-2.8040825054977176,0.0010913608466409778
53.76,-3.464048243018348,-2.8176199501508057,-0.0504460195584676
54.272,-3.1571792911514094,-2.832178572754716,-0.04818590673711735
54.784,-2.8503299412496514,-2.846867052861551,-0.04799289924005108
55.296,-2.543484064952715,-2.861611756618218,-0.04802081778071172
55.808,-2.2366380944327418,-2.876354832659658,-0.048002383393560666
56.32,-1.9297920196794496,-2.891096393643992,-0.048005262350996204
56.832,-1.6229459284157217,-2.905837888203054,-0.0480075412272027
57.344,-1.3160998473260583,-2.9205796942221305,-0.04800361920626592
57.856,-1.0092537682254128,-2.9353216108305453,-0.04800628246532843
58.368,-0.70240766963568,-2.9500630543996604,-0.04800684730446805
58.88,-0.3955615891442785,-2.964804927212372,-0.04800348711142164
59.392,-0.08871550554463824,-2.9795467548208046,-0.0480068927976295
59.904,0.21813059329808876,-2.9942881936985293,-0.04800615042225615
60.416000000000004,0.5249766715830977,-3.0090301278203593,-0.04800357895316546
60.928000000000004,0.8318227598413422,-3.0237718459543568,-0.04800734132650789
61.44,1.1386688575666353,-3.03851330975016,-0.048005375097036423
61.952,1.4455149348288603,-3.053255276464333,-0.048003891485514205
62.464,1.7523610279088069,-3.0679968792733145,-0.04800757101727462
62.976,2.0592071236364937,-3.082738391239451,-0.04800459513656372
63.488,2.366053201426038,-3.0974803542282605,-0.04800437414903879
64.0,2.672899299208283,-3.112221843770204,-0.0480075421149864
64.512,2.9797453926118433,-3.1269634152333703,-0.04800386880808618
65.024,3.2865914727495475,-3.141705331843487,-0.04800494096823282
65.536,3.593437575206621,-3.156446709379429,-0.04800723657399814
66.048,3.9002836671869208,-3.1711883259304403,-0.04800314966498239
66.56,4.143733964378285,-3.182887519136897,-0.04801600826424005
67.072,4.288239755357619,-3.189829315707616,-0.047991868693717736
67.584,4.3606454985784575,-3.1553383470634935,-0.04798336736236883
68.096,4.375152142581604,-3.0020688357142737,-0.047979708450512464
68.608,4.389865803087873,-2.8491659989115004,-0.04799181489037311
69.12,4.40458744033004,-2.6962724217890264,-0.04799754590521475
69.632,4.429553709003837,-2.5571196644532854,-0.28882499160829195
70.144,4.481823952326003,-2.46835224058063,-1.1692074966381998
70.656,4.465430485149556,-2.4370892234310406,-2.3085346318607103
71.168,4.277122490184228,-2.442095695557687,2.9961174230955567
71.68,4.088590035973953,-2.413821211990497,2.9662678307185697
72.19200000000001,3.817968521213746,-2.412920731548449,-3.094956931483239
72.70400000000001,3.5109694957268993,-2.4184109327358656,-3.12473682017289
73.21600000000001,3.2038087284513685,-2.423408627814558,-3.125241298215518
73.72800000000001,2.8966504308973664,-2.4284569984281346,-3.1251390442398046
74.24,2.589492023464723,-2.433507631364308,-3.125164883411035
74.752,2.282333483779678,-2.4385539579340074,-3.125161496361502
75.264,1.9751749504949572,-2.4436009538794807,-3.1251630284354044
75.776,1.668016423111447,-2.448648338808205,-3.125162904086709
76.288,1.3608578834717038,-2.4536952682581563,-3.125160615608171
76.8,1.0536993461671151,-2.45874236170329,-3.125163709578641
77.312,0.7465408158449398,-2.4637896892321525,-3.1251622584849956
77.824,0.4393822746162159,-2.46883659158807,-3.125160843848671
78.336,0.1322237393925069,-2.4738837785851433,-3.1251639470588444
78.848,-0.1749347919439323,-2.4789310640407773,-3.1251616190167932
79.36,-0.4820933337309209,-2.4839779605806322,-3.125161242379689
79.872,-0.7892518667069903,-2.489025236988048,-3.1251639750724607
80.384,-1.0964103994757646,-2.494072465493352,-3.125161038512741
80.896,-1.4035689410454153,-2.4991193873392765,-3.125161746106526
81.408,-1.7107274720066754,-2.5041667417395046,-3.1251637836876087
81.92,-2.017886006479794,-2.5092139078140114,-3.1251605702277563
82.432,-2.3250445470335994,-2.514260887056214,-3.125162284162262
82.944,-2.632203076361874,-2.51930830436689,-3.1251633790291846
83.456,-2.93936161253346,-2.5243554154073387,-3.125160238393422
83.968,-3.246520151263561,-2.529402484859599,-3.1251627724889346
84.48,-3.553678679296079,-2.534449956051414,-3.1251627715654804
84.992,-3.860837216779206,-2.5394970405136474,-3.1251599652878994
85.504,-4.11911656088778,-2.543738270956445,-3.1251771957107657
86.016,-4.273611027361725,-2.5462769882172904,-3.1251494011066714
86.528,-4.3574913309681,-2.5290857314257287,-3.1252605954793378
87.04,-4.362172567125989,-2.3750047329753814,-3.125137928113784
87.552,-4.367220361626639,-2.221472158758842,-3.125133298177035
88.06400000000001,-4.372272910640754,-2.067954967208428,-3.125150541685101
88.57600000000001,-4.3747249823953505,-1.9170091215805232,-3.0576818020734793
89.08800000000001,-4.344494869723018,-1.7885257718794565,-2.3981926326787137
89.60000000000001,-4.261457400843,-1.6543703940713392,-1.2149409494492887
90.112,-4.114218390611358,-1.545366303495914,0.09292625205102154
90.624,-3.9019173200041966,-1.5113203338747163,0.31665904869170003
91.136,-3.6548937637099366,-1.4995524749435138,-0.11161606466369335
91.648,-3.3581016141553177,-1.5144128611696102,-0.04579175896601932
92.16,-3.0512478806608714,-1.5295349192121312,-0.04882170067089731
92.672,-2.744415523267751,-1.544559308611188,-0.04902915609232114
93.184,-2.437584810570691,-1.5596160251311668,-0.049030671883904337
93.696,-2.1307539436795393,-1.5746702936729513,-0.049024964055462944
94.208,-1.8239230470740977,-1.5897245813693872,-0.04902188382140574
94.72,-1.517092149529854,-1.604779103984066,-0.049025832997134734
95.232,-1.210261228230446,-1.619833101714764,-0.049025354631119664
95.744,-0.9034303302354203,-1.6348876748482863,-0.0490219379965534
96.256,-0.5965994223513084,-1.6499420523639878,-0.049026397166415894
96.768,-0.2897685007738607,-1.664996074131796,-0.04902447327145637
97.28,0.01706239555828577,-1.680050706372091,-0.04902226196335557
97.792,0.3238933090912605,-1.6951049534397864,-0.04902678187356034
98.304,0.6307242281327845,-1.7101590345710553,-0.04902355739397407
98.816,0.9375551241255535,-1.7252136846060362,-0.04902282520309125
99.328,1.2443860428912357,-1.7402678058848153,-0.0490268757521131
99.84,1.5512169584630924,-1.7553219701949936,-0.049022714863568045
100.352,1.8580478559538238,-1.7703765942198553,-0.04902355273145528
100.864,2.16487877927148,-1.7854306047873147,-0.049026656223914535
101.376,2.471709691101634,-1.8004848623022005,-0.04902202233003199
101.888,2.7785405920003226,-1.8155394147596418,-0.049024344620886236
102.4,3.085371519062292,-1.8305933342173082,-0.049026129840157605
102.912,3.3922024277542553,-1.8456476757772182,-0.049021500700512255
103.424,3.699033334069225,-1.860702109215275,-0.049025078335664767
103.936,3.9986858569884167,-1.8754044146219822,-0.04904176055545425
104.44800000000001,4.202093439257841,-1.8853872745713185,-0.04902125965635007
104.96000000000001,4.322924365507368,-1.8913143142873041,-0.04901125723641498
105.47200000000001,4.367587632399237,-1.807277331281201,-0.049010272488447706
105.98400000000001,4.382552814515419,-1.6542977003220556,-0.049004262889381735
106.49600000000001,4.397582878196665,-1.5014315469781303,-0.049011965135596254
107.008,4.412732850949343,-1.3487433979185477,-0.05228445607741283
107.52,4.4476099566596465,-1.2232938061615133,-0.5047589439460057
108.032,4.502540325155081,-1.1531720214455519,-1.5476492367725407
108.544,4.443352739728841,-1.1099759014430417,-2.4448588695149427
109.056,4.25908937786237,-1.086184837148598,3.016214263032059
109.568,4.062289510662265,-1.0628395405453133,3.120229396134147
110.08,3.755676629644341,-1.0692010166851913,-3.121111840061259
110.592,3.448534039682786,-1.0759091743319238,-3.1196653478246303
111.104,3.1414077493824504,-1.0826419290847216,-3.1196887926978936
111.616,2.8342814294395198,-1.0893673295392614,-3.1196960188808727
112.128,2.5271550993573673,-1.0960935605241593,-3.1196953421331255
112.64,2.22002876983593,-1.1028203966768086,-3.119694563129863
113.152,1.9129024184662635,-1.10954668768952,-3.119693052203388
113.664,1.6057760713271816,-1.116273242344735,-3.119696128718684
114.176,1.2986497293330426,-1.1229999261536896,-3.119693982343956
114.688,0.9915233747154112,-1.129726210320941,-3.119693392942522
115.2,0.6843970293543868,-1.1364528546359487,-3.1196962140635414
115.712,0.3772706854885622,-1.143179479457893,-3.1196934015837923
116.224,0.07014433073720835,-1.1499057790542486,-3.119693890602858
116.736,-0.23698201227341018,-1.1566324989714465,-3.119696080577081
117.248,-0.5441083581043479,-1.1633590569219052,-3.119692931723283
117.76,-0.8512347120113458,-1.170085401752973,-3.119694444880828
118.272,-1.1583610531030892,-1.176812179068009,-3.11969574112322
118.784,-1.4654874010261458,-1.183538671146266,-3.1196926180999145
119.296,-1.7726137532285493,-1.1902650887714272,-3.119694981890593
119.808,-2.0797400930048684,-1.1969919023256388,-3.119695222522479
120.32000000000001,-2.3868664428352795,-1.2037183409750383,-3.1196924795190033
120.83200000000001,-2.6939927925561347,-1.210444855593712,-3.1196954257557303
121.34400000000001,-3.001119131616973,-1.2171716871990985,-3.1196945596111227
121.85600000000001,-3.308245482808115,-1.2238980982568421,-3.1196924888314093
122.36800000000001,-3.615371829277287,-1.230624734616416,-3.1196957024369323
122.88,-3.922404449528362,-1.2373495173324742,-3.119694395410539
123.392,-4.156876319456414,-1.242481443064916,-3.11970071431116
123.904,-4.296050153771414,-1.245530477350521,-3.119681372167102
124.416,-4.359763951830345,-1.1992795118917143,-3.119775868230115
124.928,-4.366296843429575,-1.0455329459078402,-3.1196620056724464
125.44,-4.373027937522049,-0.8920730280619491,-3.1196696753408997
125.952,-4.37975743768038,-0.738620113288606,-3.119686619292489
126.464,-4.3793920872126035,-0.5918696875653167,-2.9474677947337233
126.976,-4.337988575051308,-0.4666105640554193,-2.1387091488321173
127.488,-4.245738297949416,-0.32261017698603606,-0.8512270155952176
128.0,-4.074894987273026,-0.24200532907968023,0.23396400507274984
128.512,-3.8518867649469684,-0.21562056125152917,0.23862376634272633
129.024,-3.592181240545066,-0.21006097406459814,-0.12574842747884593
129.536,-3.290198229871345,-0.22559810521631818,-0.04842285551170772
130.048,-2.9833478615382325,-0.2404251841628524,-0.04782289107478321
130.56,-2.6765015169012614,-0.2551598189132234,-0.048029778298904716
131.072,-2.3696557667195113,-0.2699073377312428,-0.048015659977706654
131.584,-2.062809827086409,-0.2846514024757667,-0.048012434757400455
132.096,-1.7559638630189327,-0.2993954652682765,-0.048014919425115675
132.608,-1.449117903257971,-0.3141397753603815,-0.04801321849790171
133.12,-1.1422719430810615,-0.3288841413377464,-0.04801397219702861
133.632,-0.8354259740348368,-0.3436282990849669,-0.04801455732266453
134.144,-0.528580010733632,-0.3583726016877736,-0.04801304580195667
134.656,-0.22173404795738805,-0.37311693269428775,-0.04801423773154745
135.168,0.08511192207711507,-0.38786107395084846,-0.048014285639314404
135.68,0.39195788474955434,-0.40260539951315544,-0.048012989727257115
136.192,0.6988038496492202,-0.4173496811511356,-0.048014440040158195
136.704,1.0056498200124746,-0.43209381529762897,-0.0480139562652871
137.216,1.3124957824248786,-0.44683815295715945,-0.04801302366101522
137.728,1.6193417497089737,-0.4615823776378044,-0.048014560694777664
138.24,1.9261877201040893,-0.4763265132842,-0.04801359354705019
138.752,2.233033682948026,-0.49107084679816154,-0.04801312966587804
139.264,2.539879652857373,-0.505815008884681,-0.04801457125448525
139.776,2.8467256232731866,-0.5205591487508332,-0.04801321606374995
140.288,3.153571587521858,-0.5353034555868083,-0.04801326743649203
140.8,3.460417560491558,-0.550047546135091,-0.04801444034738621
141.312,3.7672635316538994,-0.5647916773736823,-0.048012793801947604
141.824,4.0535649614069085,-0.5785504211119942,-0.04803358439250293
142.336,4.234669437219582,-0.5872540212206969,-0.04800637353323789
142.848,4.342286735454685,-0.5924238782439036,-0.04800186569412582
143.36,4.3690315625243255,-0.4690113471631777,-0.0479866073064207
143.872,4.383726468582036,-0.3160711831348366,-0.04800165858893548
144.38400000000001,4.398450253595449,-0.1631771209997625,-0.04800319253263809
144.89600000000002,4.4150778243318465,-0.012886749761390513,-0.0964546941715807
145.40800000000002,4.4574041357846435,0.10005718128069116,-0.7171084883686303
145.92000000000002,4.510271353964363,0.15531450327435262,-1.877537665775899
146.43200000000002,4.359138544391655,0.1283641260540709,-3.0097250597048326
146.94400000000002,4.15105365181193,0.14993152193176523,2.8359775035271393
147.45600000000002,3.94605176492045,0.16053441722641726,-3.088400330148951
147.968,3.639147282638874,0.1583484251022828,-3.1319313661204853
148.48,3.331966678396538,0.1542082381521821,-3.128473189466211
148.992,3.024793202451273,0.150159300327813,-3.128287021852538
149.504,2.717620597750287,0.14606835792806722,-3.1282747792560883
150.016,2.4104478511187506,0.14197933944448088,-3.128282622093307
150.528,2.103275064905118,0.1378911207528508,-3.128285237876649
151.04,1.796102283567785,0.13380239433475902,-3.1282828166341954
151.552,1.4889294877409234,0.12971418619705133,-3.1282817130421043
152.064,1.1817566973402804,0.12562560334924258,-3.128285296723927
152.576,0.8745839100681725,0.12153696784521775,-3.1282821860485406
153.088,0.5674111122756196,0.11744876821702752,-3.1282822574563007
153.6,0.260238323664505,0.11336008719345744,-3.1282852459961905
154.112,-0.04693446536316524,0.10927153196154715,-3.1282815690950097
154.624,-0.35410726296293277,0.10518329572334241,-3.128282917797738
155.136,-0.6612800497425867,0.10109453881625638,-3.1282849443936076
155.648,-0.9684528406558862,0.0970060683696314,-3.1282811234604337
156.16,-1.27562563725828,0.09291776155161294,-3.1282835964332425
156.672,-1.5827984226847132,0.08882895440968647,-3.1282844154295275
157.184,-1.8899712155015582,0.08474056082233783,-3.12828088915539
157.696,-2.1971440104094166,0.08065215404966966,-3.128284204204608
158.208,-2.504316795066971,0.0765633232222952,-3.1282837034224382
158.72,-2.811489589534253,0.07247498486460754,-3.128280867443908
159.232,-3.1186623821404003,0.06838645318275345,-3.1282846557026063
159.744,-3.425835166550128,0.06429761655476941,-3.128282849236258
160.256,-3.73300796213081,0.06020929493336162,-3.128280973713562
160.768,-4.026953606702811,0.05629780973377208,-3.1283043411056646
161.28,-4.2188689272220525,0.053745429630863685,-3.128276456225103
161.792,-4.332895214545177,0.05222639901750515,-3.1282714964698233
162.304,-4.360918402920518,0.1573242186005203,-3.128302945260607
162.816,-4.364964663249517,0.31094188772256376,-3.1282503632651357
163.328,-4.369059968023053,0.4644888998564346,-3.128266194994943
163.84,-4.373152150332889,0.618035268609451,-3.1282737668327076
164.352,-4.363120377210874,0.7588977138572774,-2.808891187929224
164.864,-4.305728406573149,0.8832305696378507,-1.8637609537096411
165.376,-4.202736813716446,1.0369540367231964,-0.47886852547352793
165.888,-4.008073726883438,1.0847826430548526,0.31346557441472106
166.4,-3.7799207158483736,1.105311087224987,0.11680819792412385
166.912,-3.507124362940576,1.1021844085066204,-0.10743323979763195
167.424,-3.2015876134638352,1.08566744772484,-0.05081504775061227
167.936,-2.8947677949071418,1.070329814915315,-0.04992088660226622
168.448,-2.587952304586545,1.0549655115090741,-0.05006342296148253
168.96,-2.2811370250033476,1.0395969965239744,-0.050038853195470044
169.472,-1.9743215457947334,1.024232029153545,-0.050033163254988085
169.984,-1.6675060581011245,1.0088667176715063,-0.050041025358890594
170.496,-1.3606905504791147,0.9935018243812851,-0.05003805552191849
171.008,-1.0538750761076787,0.9781360985786449,-0.05003481299982097
171.52,-0.7470595762811542,0.9627709100389488,-0.0500413350647808
172.032,-0.4402440685632755,0.9474059643059842,-0.050036770428714655
172.544,-0.13342859456277595,0.9320401949355623,-0.05003565795524541
173.056,0.17338691262691683,0.9166751767319372,-0.05004151015620497
173.568,0.48020241479092407,0.901310101252406,-0.05003559722203494
174.08,0.7870178904562457,0.8859443559889832,-0.050036740380389924
174.592,1.093833403554046,0.8705794828612685,-0.050041248789427596
175.104,1.4006488994103594,0.8552142572660788,-0.050034664279522356
175.616,1.7074643792245074,0.8398485961978049,-0.05003793991048993
176.12800000000001,2.0142798964926287,0.8244838289858868,-0.05004056716848039
176.64000000000001,2.321095386306932,0.8091184542125752,-0.05003405956196903
177.15200000000002,2.6279108725152134,0.7937529320956207,-0.05003910767294664
177.66400000000002,2.934726392118248,0.7783882270193505,-0.05003952394065356
178.17600000000002,3.2415418771964872,0.7630227273705319,-0.0500337991041887
178.68800000000002,3.5483573717466483,0.7476573922899463,-0.050040102459206155
179.20000000000002,3.8551728928013143,0.7322927237950064,-0.05003818731839798
179.71200000000002,4.115364598467807,0.7192591891117239,-0.05004935009064352
180.224,4.271381664995417,0.7114462206221115,-0.0500274397635163
180.736,4.360988476616652,0.7159161393661867,-0.04999352185057466
181.248,4.376024941989998,0.8693310844182334,-0.05000824910725613
181.76,4.39135522434648,1.0221830025066743,-0.05002872595268399
182.272,4.406698629281262,1.1750159198724004,-0.05002931625174981
182.784,4.427885926086534,1.319984490448523,-0.19194344378634295
183.296,4.477161371327174,1.4193258159642805,-0.9659102067832402
183.808,4.490213776695857,1.4549521474059914,-2.1276180682498067
184.32,4.2914882593163854,1.4197611167052062,3.112932315903423
184.832,4.081010549459665,1.447513713202379,2.9554883454584737
185.344,3.815253568910201,1.4507921599554279,-3.1211701019120133
185.856,3.508037217195821,1.4472171098576392,-3.129225556709219
186.368,3.2008584330320877,1.4435014682297018,-3.129455462960479
186.88,2.8936812462366523,1.4397686347071883,-3.12944595766371
187.392,2.5865039327690376,1.436038551757539,-3.129454153486041
187.904,2.2793265815430095,1.432309323113618,-3.129451174952498
188.416,1.9721492237387666,1.4285799593159907,-3.1294521032188563
188.928,1.6649718668117888,1.424850366360209,-3.129452762627622
189.44,1.357794506281453,1.4211209686856199,-3.1294509560881116
189.952,1.0506171441305163,1.4173915865340738,-3.1294524889697093
190.464,0.7434397861224784,1.4136619862292843,-3.1294524207044634
190.976,0.43626242449538577,1.4099326173200684,-3.1294509289167407
191.488,0.12908506301781664,1.4062031792848777,-3.1294527372878806
192.0,-0.17809229491379608,1.4024735793942382,-3.129452031119967
192.512,-0.4852696570799999,1.398744228241627,-3.129451016595383
193.024,-0.7924470175706192,1.3950147279531526,-3.1294528853713723
193.536,-1.0996243756311184,1.3912851407080813,-3.129451618989957
194.048,-1.4068017380699738,1.3875557897572972,-3.129451199240496
194.56,-1.7139790974868574,1.3838262254568392,-3.1294529072618302
195.072,-2.0211564558754573,1.3800966583643173,-3.129451218877363
195.584,-2.3283338182565174,1.3763672861785274,-3.1294514417350454
196.096,-2.63551117657697,1.372637658379567,-3.1294527847361073
196.608,-2.942688535388837,1.3689081105622412,-3.1294508501281886
197.12,-3.2498658972993586,1.3651786907861556,-3.129451687698652
197.632,-3.5570432544652926,1.3614489950360265,-3.1294524977878364
198.144,-3.864220613573797,1.3577194466665197,-3.12945045858493
198.656,-4.121280658563445,1.354601285865349,-3.1294656575886832
199.168,-4.274896965036941,1.3527360217492244,-3.1294396137839837
199.68,-4.358145429471885,1.3702950474181794,-3.129550287852832
200.192,-4.361506250129475,1.5244125122433245,-3.129427650782179
200.704,-4.365236033738089,1.6779817012370954,-3.129425048466945
201.216,-4.368971664236771,1.83153720786928,-3.1294384753947897
201.728,-4.370864657823727,1.9832558123810722,-3.081001807680695
202.24,-4.342391732722862,2.1128564802836376,-2.461032484689578
202.752,-4.261188758941545,2.2447032046764934,-1.3052454926740058
203.264,-4.120692263612316,2.361775683131779,0.04629434362396617
203.776,-3.909795040791584,2.3957362655692824,0.3276821081476775
204.288,-3.667215412953597,2.409191349441044,-0.10056669801344596
204.8,-3.371917680700115,2.3939345655143374,-0.04576836444543066
205.312,-3.065064002010735,2.378610814070831,-0.04979202855475851
205.824,-2.758245570892472,2.3633038347652473,-0.050020887279185675
206.336,-2.4514299514492786,2.34794232124551,-0.05001852890595459
206.848,-2.1446141394274965,2.332584287529384,-0.05001163817230739
207.36,-1.8377982205997128,2.317227922393719,-0.05001253980988693
207.872,-1.5309823449119708,2.301870300978662,-0.050008241663289495
208.38400000000001,-1.2241664472571583,2.2865130628414447,-0.05001451390892259
208.89600000000002,-0.9173505319252635,2.271156277451293,-0.050011345812498165
209.40800000000002,-0.6105346525030411,2.2557986217459973,-0.0500086968614245
209.92000000000002,-0.3037187453979717,2.2404415674402163,-0.05001501209264743
210.43200000000002,0.003097165625452609,2.2250846750076594,-0.05001009107788052
210.94400000000002,0.30991304510136347,2.2097270005934395,-0.05000959172536066
211.45600000000002,0.6167289590355541,2.1943701108620113,-0.050015070025226975
211.96800000000002,0.9235448642419715,2.1790130832763412,-0.050008982939812055
212.48000000000002,1.2303607461426613,2.1636554499411567,-0.050010701495745775
212.99200000000002,1.5371766654728931,2.14829869528593,-0.05001469396390114
213.504,1.8439925644883894,2.1329415186064895,-0.05000813695547954
214.016,2.1508084512419354,2.1175839850979266,-0.050011886820772344
214.528,2.457624374219451,2.1022273255373762,-0.05001391396714956
215.04,2.7644402676443374,2.0868700075490976,-0.05000762041176205
215.552,3.071256161412909,2.071512627123255,-0.05001299920454535
216.064,3.3780720864710254,2.0561560240631245,-0.050012791984972146
216.576,3.684887976102398,2.040798598379327,-0.05000738134032889
217.088,3.9865017697939455,2.0257013207103682,-0.05002860201791213
217.6,4.194865892095874,2.015269467824577,-0.050008674169690445
218.112,4.318628592545982,2.0090758025862656,-0.05000088193504992
218.624,4.364339610037527,2.093015885894493,-0.049992111376071464
219.136,4.379604314942823,2.245965028159701,-0.049990434854924916
219.648,4.394937146399377,2.3988015978902864,-0.0500057391062788
220.16,4.410388480722541,2.551460120083446,-0.05326651526614306
220.672,4.445543026710563,2.6768640894427094,-0.5057339845713631
221.184,4.5006970848171,2.746920725279359,-1.5486193163832094
221.696,4.450428705505339,2.8104994873187783,-2.3865851273434333
222.208,4.275856114111139,2.852974585792789,3.0489463095503417
222.72,4.0842535873794565,2.8743100973418403,3.0917236010741234
223.232,3.779802106171692,2.867688227906861,-3.117198573245028
223.744,3.472685010752291,2.859686151685994,-3.1152708129268247
224.256,3.165591083456853,2.8516065024369404,-3.1152832959351304
224.768,2.85849732866354,2.843529909031252,-3.1153032772732723
225.28,2.551403539544835,2.8354535010491846,-3.1152981040579024
225.792,2.244309733124965,2.8273770613445,-3.1152969961860246
226.304,1.9372159268538311,2.8193004020562578,-3.1153002932323886
226.816,1.630122122793503,2.811223684402979,-3.1152976924013096
227.328,1.3230283040781485,2.803147345395008,-3.1152975663345988
227.84,1.015934498149716,2.7950706046270244,-3.115300250102218
228.352,0.7088406911027189,2.7869939497398235,-3.1152971421984774
228.864,0.40174687253713864,2.778917584542642,-3.1152981254382572
229.376,0.09465306904803286,2.770840775893513,-3.1153000236096022
229.888,-0.21244074059118062,2.7627641933030684,-3.1152967316369415
230.4,-0.5195345576432673,2.7546877715517954,-3.115298711696312
230.912,-0.8266283593060099,2.746610916811854,-3.1152995977806355
231.424,-1.1337221714972645,2.738534401752698,-3.115296502477489
231.936,-1.440815986093261,2.730457898258767,-3.115299250286769
232.448,-1.7479097867668443,2.722381021594019,-3.1152990107397223
232.96,-2.055003601120675,2.7143045582379703,-3.1152964677840465
233.472,-2.3620974124981875,2.70622795312457,-3.1152996674433413
233.984,-2.66919121299877,2.6981510758774436,-3.1152983102502403
234.496,-2.9762850287416205,2.6900746369848094,-3.1152966035357137
235.008,-3.283378836268246,2.6819979134898664,-3.1152998972341464
235.52,-3.5904726370856834,2.6739210436984986,-3.1152975208550933
236.032,-3.8975664529980625,2.6658445862617492,-3.1152967879678966
236.544,-4.142076370474754,2.659416782039102,-3.1153093761119757
237.056,-4.2872547388195095,2.6555981663913135,-3.1152853740800976
237.568,-4.3583398914259,2.691695757156253,-3.115386067169024
238.08,-4.366173086621157,2.8454554802045147,-3.1152661447507097
238.592,-4.37425185886448,2.998853058737957,-3.115273108465827
239.104,-4.382331332462424,3.152240946746351,-3.1152869085201145
239.616,-4.384643463233313,3.3001653530262445,-2.973407898936161
240.12800000000001,-4.347752175728224,3.4261638813966457,-2.2007180370015176
240.64000000000001,-4.259251069755836,3.5679877578218164,-0.9384887709757138
241.15200000000002,-4.09476906835037,3.655794844899714,0.20566498981086642
241.66400000000002,-3.873005471440803,3.684313238145862,0.2591752463670259
242.17600000000002,-3.6089224116011205,3.690150474543112,-0.1273707560087959
242.68800000000002,-3.308383382187652,3.6749741690843836,-0.04791293500266708
243.20000000000002,-3.001531441383001,3.66013437709526,-0.047756584050191044
243.71200000000002,-2.6946842961687816,3.645416776308878,-0.04798470062527034
244.22400000000002,-2.3878379626409534,3.630681375164827,-0.04797435711799254
244.73600000000002,-2.080991402748998,3.61595031453239,-0.04797491879110028
245.24800000000002,-1.7741448320699904,3.601218936039458,-0.047970099284543766
245.76,-1.4672982820267069,3.5864868287533147,-0.04797241179093836
246.272,-1.1604516920968466,3.5717556515009927,-0.0479757781607172
246.784,-0.8536051242228216,3.557023963089085,-0.04796925352961365
247.296,-0.5467585644848465,3.5422920015109134,-0.047973596970747795
247.808,-0.23991197133764516,3.5275608857087257,-0.047974924614782054
248.32,0.06693459101135855,3.5128290450789548,-0.04796894824674468
248.832,0.3737811574036929,3.49809723560979,-0.047974703139005946
249.344,0.6806277505374145,3.4833661290790605,-0.04797377630057163
249.856,0.9874743084716159,3.4686341678083736,-0.04796906414920641
250.368,1.2943208823841499,3.4539025383891935,-0.04797556099515398
250.88,1.60116747338234,3.439171387815173,-0.04797247012319282
251.392,1.9080140289160872,3.424439352336196,-0.04796957427564714
251.904,2.2148606106586324,3.4097079145117246,-0.047976062484492835
252.416,2.5217071979202808,3.3949766763997644,-0.04797113487151611
252.928,2.8285537535643277,3.3802446259174688,-0.04797039704228727
253.44,3.1354003429362205,3.3655133777782402,-0.047976142430527134
253.952,3.4422469258463986,3.350782029683163,-0.04796985741830946
254.464,3.7490934844832307,3.336050032250006,-0.04797136888993037
254.976,4.039575636975041,3.3221032540594324,-0.047995497342425746
255.488,4.226362492281307,3.313133626486689,-0.04796406758976949
256.0,4.33734923276894,3.3078067027113054,-0.047960315272292844
256.512,4.368350799198807,3.421404219207295,-0.04795149686920934
257.024,4.38302636188842,3.5743570815452586,-0.047955838200077185
257.536,4.397735882007709,3.7272530385857676,-0.04796175544588229
258.048,4.413704921976437,3.8784126018810907,-0.0804083000869345
258.56,4.454180824626156,3.9945804424433344,-0.6604690555581557
259.072,4.50785923491765,4.053560135895636,-1.7925141545008978
259.584,4.438193315107048,4.154601577465653,-2.399191314956995
260.096,4.258166283724241,4.210511276728362,3.0730998056407257
260.608,4.048553783409786,4.230187355157502,3.132970995726436
261.12,3.7417639748670277,4.2204671856732645,-3.110006887906529
261.632,3.434717073143987,4.210397746745403,-3.1087399665389093
262.144,3.1276825354579953,4.200315873449102,-3.108786287930284
262.656,2.8206478374243455,4.19024108493115,-3.108792266055162
263.168,2.5136131406127626,4.180165459888263,-3.1087841012258655
263.68,2.206578429035681,4.170089660381518,-3.1087887852786573
264.192,1.8995437311233436,4.160013421610776,-3.1087886554220043
264.704,1.5925090080894966,4.149937787149435,-3.108784745592074
265.216,1.2854742890790756,4.139861969668158,-3.1087895000693875
265.728,0.9784395886418981,4.1297857416902,-3.108787677562209
266.24,0.6714048614744237,4.11971017501398,-3.108785062982476
266.752,0.3643701476237874,4.1096342205403475,-3.1087899676675455
267.264,0.0573354449534844,4.099558054292381,-3.1087866941411177
267.776,-0.24969928400369135,4.0894825161142085,-3.108785644111431
268.288,-0.556733992349676,4.079406427064007,-3.1087901293039635
268.8,-0.8637686984774817,4.069330351257379,-3.1087857797243865
269.312,-1.1708034273882473,4.059254795758496,-3.1087864211259966
269.824,-1.477838130753067,4.049178588769103,-3.108789957735293
270.336,-1.784872841155155,4.039102618659712,-3.108785027223893
270.848,-2.0919075681048587,4.029026998714837,-3.108787293699873
271.36,-2.3989422674406273,4.0189506993623665,-3.1087894597155272
271.872,-2.7059769823016713,4.008874833330604,-3.1087844970925804
272.384,-3.013011705404325,3.998799103455158,-3.108788145407234
272.896,-3.320046401758252,3.9887227371368255,-3.1087886671291898
273.408,-3.62708112046757,3.9786469514540244,-3.108784161718024
273.92,-3.933682589036897,3.968585361150265,-3.1087918733592614
274.432,-4.1635589532951744,3.9610443863122264,-3.1087918279757734
274.944,-4.300021734734391,3.9565654111605566,-3.10877617928985
